t[s],Icell[A],Ucell[V],Qcell[Ah]
0.0,-5.81728742771301e-05,4.19038265540345,0.0
0.0020000000004074536,-15.0256462156628,4.08202722289531,-8.344798703902034e-06
1.0,-13.5001207606193,4.04597267190145,-0.0037509635885288016
2.0,-13.5001207606193,4.03293166409516,-0.007501040996031102
3.0,-13.5005279707392,4.02353446729356,-0.011251029007747802
4.0,-13.5001207606193,4.01547972717791,-0.0150010896818067
5.0,-13.5001207606193,4.00895922327477,-0.018751135715277402
6.0,-13.4997717233736,4.00301405795131,-0.022501140772217203
7.0,-13.4999462419965,3.99783601073411,-0.026251168711586302
8.0,-13.4999462419965,3.99304152257003,-0.030001160781130302
9.0,-13.5001207606193,3.98863059345908,-0.0337511777189532
10.0,-13.5001207606193,3.98441144387469,-0.037501189321047
11.0,-13.5001207606193,3.98076763287,-0.0412511834144684
12.0,-13.4996553776251,3.9771238218653,-0.04500121804472
13.0,-13.4999462419965,3.97405534944029,-0.048751230760511896
14.0,-13.5000044148708,3.97098687701528,-0.0525012160057745
15.0,-13.5002952792421,3.96811018411683,-0.056251225545332795
16.0,-13.5000044148708,3.96523349121839,-0.060001249207983096
17.0,-13.5001207606193,3.9625485778465,-0.0637515574591643
18.0,-13.500062587745,3.96005544400118,-0.0675013236550289
19.0,-13.5000044148708,3.95794586920899,-0.0712513294112982
20.0,-13.5001207606193,3.95564451489023,-0.0750013757971135
21.0,-13.4999462419965,3.95334316057147,-0.0787514064268703
22.0,-13.500469797865,3.95142536530584,-0.0825014083732689
23.0,-13.5001207606193,3.94950757004021,-0.0862514262893171
24.0,-13.500062587745,3.94758977477458,-0.0900014716642925
25.0,-13.5001789334936,3.94567197950895,-0.0937514748957729
26.0,-13.5001789334936,3.94394596376988,-0.09750152771160829
27.0,-13.5001789334936,3.94241172755738,-0.101251538851971
28.0,-13.5000044148708,3.94068571181831,-0.1050015353294407
29.0,-13.5002952792421,3.93915147560581,-0.1087515674647977
30.0,-13.4995972047508,3.9376172393933,-0.11250158722076249
31.0,-13.500062587745,3.93627478270736,-0.1162516056906273
32.0,-13.5001789334936,3.93474054649485,-0.1200016161149358
33.0,-13.5000044148708,3.93339808980891,-0.12375161627043389
34.0,-13.5001207606193,3.93205563312297,-0.1275016313701175
35.0,-13.4999462419965,3.93090495596359,-0.1312516307905205
36.0,-13.5000044148708,3.92956249927765,-0.1350016253467295
37.0,-13.4996553776251,3.92841182211827,-0.13875165393681552
38.0,-13.5000044148708,3.92726114495889,-0.1425016678032405
39.0,-13.5001789334936,3.92611046779952,-0.1462517022947605
40.0,-13.5001789334936,3.9251515701667,-0.1500016916211355
41.0,-13.5002371063679,3.92400089300732,-0.15375176343160948
42.0,-13.5004116249907,3.92304199537451,-0.1575017555102085
43.0,-13.5001207606193,3.92208309774169,-0.1612518098672965
44.0,-13.4998880691222,3.92093242058231,-0.1650018602591925
45.0,-13.5001207606193,3.9199735229495,-0.1687522389861425
46.0,-13.4999462419965,3.91920640484324,-0.1725019244321325
47.0,-13.4999462419965,3.91824750721043,-0.1762519409706475
48.0,-13.5000044148708,3.91728860957761,-0.1800019320196935
49.0,-13.4999462419965,3.91652149147136,-0.1837519208363985
50.0,-13.5001207606193,3.91556259383855,-0.1875019391025345
51.0,-13.5001207606193,3.91479547573229,-0.1912519841756465
52.0,-13.500469797865,3.91383657809948,-0.1950020089063405
53.0,-13.500062587745,3.91306945999323,-0.1987520192412725
54.0,-13.5001207606193,3.91230234188697,-0.2025020306938675
55.0,-13.4999462419965,3.91153522378072,-0.2062520254651755
56.0,-13.4999462419965,3.91076810567447,-0.2100020501402435
57.0,-13.4998880691222,3.91000098756822,-0.2137520774499235
58.0,-13.5002952792421,3.90923386946196,-0.2175021069376285
59.0,-13.4998298962479,3.90865853088228,-0.2212521407747895
60.0,-13.4999462419965,3.90769963324946,-0.2250021412696025
61.0,-13.5001789334936,3.90712429466977,-0.2287521528203595
62.0,-13.5001207606193,3.90635717656352,-0.2325021691951705
63.0,-13.4999462419965,3.90559005845727,-0.2362521902666395
64.0,-13.4998298962479,3.90501471987758,-0.2400022482729765
65.0,-13.5002952792421,3.90424760177132,-0.2437522259099495
66.0,-13.4999462419965,3.90367226319163,-0.2475022413560795
67.0,-13.4998298962479,3.90290514508538,-0.25125217609016454
68.0,-13.4991318217566,3.90213802697913,-0.2550021869520025
69.0,-13.5003534521164,3.90156268839944,-0.25875211471327053
70.0,-13.499422686128,3.90079557029319,-0.2625021358330015
71.0,-13.4990736488823,3.9002202317135,-0.2662521066737875
72.0,-13.4998880691222,3.89945311360725,-0.2700020500450575
73.0,-13.4998880691222,3.89887777502756,-0.2737520864468775
74.0,-13.5000044148708,3.8981106569213,-0.2775021775132635
75.0,-13.4992481675051,3.89753531834162,-0.28125222496977154
76.0,-13.4997717233736,3.89676820023536,-0.2850022332358345
77.0,-13.4993063403794,3.89619286165567,-0.28875221397328654
78.0,-13.4996553776251,3.89561752307598,-0.29250221444308455
79.0,-13.5003534521164,3.89485040496973,-0.29625224861436855
80.0,-13.5005861436135,3.89408328686348,-0.3000022927815885
81.0,-13.500062587745,3.89350794828379,-0.3037523824302795
82.0,-13.5001207606193,3.8929326097041,-0.3075023227328495
83.0,-13.4996553776251,3.89216549159785,-0.31125228049018455
84.0,-13.5005279707392,3.89159015301816,-0.3150023046981415
85.0,-13.5001207606193,3.89082303491191,-0.3187523620288755
86.0,-13.5001207606193,3.89024769633222,-0.32250233930717953
87.0,-13.4997135504994,3.88948057822597,-0.3262523542032425
88.0,-13.5000044148708,3.88890523964628,-0.3300023495636745
89.0,-13.4997717233736,3.88832990106659,-0.3337523546995415
90.0,-13.4998298962479,3.88756278296034,-0.3375023601466595
91.0,-13.500062587745,3.88698744438065,-0.3412523725897495
92.0,-13.5001207606193,3.88622032627439,-0.3450023749805785
93.0,-13.5000044148708,3.8856449876947,-0.3487523713537895
94.0,-13.5000044148708,3.88506964911502,-0.3525024160225295
95.0,-13.4999462419965,3.88430253100876,-0.35625242841472454
96.0,-13.5000044148708,3.88372719242907,-0.36000243448718455
97.0,-13.5003534521164,3.88296007432282,-0.3637527651955355
98.0,-13.5001789334936,3.88238473574313,-0.36750286795206655
99.0,-13.5001207606193,3.88161761763688,-0.37125248822566653
100.0,-13.4998880691222,3.88104227905719,-0.37500251172237853
101.0,-13.5001789334936,3.8804669404775,-0.37875254469192954
102.0,-13.5000044148708,3.87969982237125,-0.3825025423599605
103.0,-13.5002952792421,3.87912448379156,-0.3862525791265785
104.0,-13.500062587745,3.87854914521187,-0.39000257235031555
105.0,-13.5001207606193,3.87797380663218,-0.39375262901789554
106.0,-13.5001207606193,3.87720668852593,-0.39750264674776853
107.0,-13.5000044148708,3.87663134994624,-0.4012526683049325
108.0,-13.5002952792421,3.87605601136655,-0.4050027161427055
109.0,-13.5002371063679,3.8752888932603,-0.4087527157381065
110.0,-13.500062587745,3.87471355468061,-0.4125027286965755
111.0,-13.5000044148708,3.87394643657436,-0.4162527229348315
112.0,-13.4998298962479,3.87337109799467,-0.4200027444045045
113.0,-13.4999462419965,3.87279575941498,-0.4237527399350705
114.0,-13.5000044148708,3.87222042083529,-0.4275027937372055
115.0,-13.4997717233736,3.8716450822556,-0.43125279137552053
116.0,-13.5000044148708,3.87087796414935,-0.43500278962696654
117.0,-13.5001207606193,3.87030262556966,-0.4387528449510065
118.0,-13.5003534521164,3.86972728698997,-0.4425028613492275
119.0,-13.5000044148708,3.86896016888372,-0.44625288695909554
120.0,-13.5001207606193,3.86838483030403,-0.4500029046245215
121.0,-13.5001789334936,3.86780949172434,-0.4537529494077005
122.0,-13.5000044148708,3.86723415314465,-0.45750299633714153
123.0,-13.4999462419965,3.8664670350384,-0.4612529711186765
124.0,-13.4996553776251,3.86589169645871,-0.4650029968470355
125.0010000000002,-13.5001789334936,3.86531635787902,-0.46875468277508153
126.0,-13.4999462419965,3.86474101929933,-0.4725030419225425
127.0,-13.4998880691222,3.86416568071964,-0.47625303471996455
128.0,-13.4998298962479,3.86339856261339,-0.48000302859653554
129.0,-13.4999462419965,3.8628232240337,-0.48375301577317553
130.0,-13.500469797865,3.86224788545401,-0.48750306534528054
131.0,-13.4998880691222,3.86167254687432,-0.49125306199531854
132.0,-13.5000044148708,3.86090542876807,-0.49500305622844154
133.0,-13.5001207606193,3.86033009018838,-0.4987535839522545
134.0,-13.4998880691222,3.85975475160869,-0.5025030990802095
135.0,-13.5001789334936,3.859179413029,-0.5062531172329515
136.0,-13.500062587745,3.85841229492275,-0.5100031422938845
137.0,-13.4998880691222,3.85783695634306,-0.5137531490878715
138.0,-13.5003534521164,3.85726161776337,-0.5175031689133315
139.0,-13.5001789334936,3.85668627918368,-0.5212531816996415
140.0,-13.5000044148708,3.85591916107743,-0.5250032392484275
141.0,-13.5001789334936,3.85534382249774,-0.5287532190535835
142.0,-13.4997717233736,3.85476848391805,-0.5325032094128715
143.0,-13.5002952792421,3.85419314533836,-0.5362532561637006
144.0,-13.5001207606193,3.85342602723211,-0.5400032439209915
145.0,-13.5000044148708,3.85285068865242,-0.5437532525029215
146.0,-13.500062587745,3.85227535007273,-0.5475032460036205
147.0,-13.5001207606193,3.85170001149304,-0.5512532552581916
148.0,-13.5001789334936,3.85093289338679,-0.5550032882191185
149.0,-13.4999462419965,3.8503575548071,-0.5587532939710035
150.0,-13.4999462419965,3.84978221622741,-0.5625032933601115
151.0,-13.5000044148708,3.84901509812115,-0.5662533101078165
152.0,-13.500062587745,3.84843975954147,-0.5700033123815615
153.0,-13.5001789334936,3.84786442096178,-0.5737533410708495
154.0,-13.5002371063679,3.84728908238209,-0.5775033379630435
155.0,-13.5000044148708,3.84652196427583,-0.5812533669955665
156.0,-13.5000044148708,3.84594662569615,-0.5850033592919905
157.0,-13.5003534521164,3.84517950758989,-0.5887534897247896
158.0,-13.5001789334936,3.8446041690102,-0.5925033651761845
159.0,-13.5001207606193,3.84402883043051,-0.5962534104830766
160.0,-13.5001207606193,3.84326171232426,-0.6000034204669625
161.0,-13.5001789334936,3.84268637374457,-0.6037534089092556
162.0,-13.5001789334936,3.84191925563832,-0.6075034329881596
163.0,-13.5001207606193,3.84134391705863,-0.6112534432518575
164.0,-13.5001207606193,3.84057679895238,-0.6150034743365795
165.0,-13.5000044148708,3.84000146037269,-0.6187535076568316
166.0,-13.5002952792421,3.839426121793,-0.6225035277712435
167.0,-13.4999462419965,3.83865900368675,-0.6262535170735255
168.0,-13.5001207606193,3.83808366510706,-0.6300035410732445
169.0,-13.5002371063679,3.83731654700081,-0.6337535735104055
170.0,-13.4999462419965,3.83654942889455,-0.6375035682477306
171.0,-13.500062587745,3.83597409031487,-0.6412535591238425
172.0,-13.4999462419965,3.83520697220861,-0.6450035632645436
173.0,-13.5002952792421,3.83463163362892,-0.6487536044538406
174.0,-13.5001789334936,3.83386451552267,-0.6525036167341115
175.0,-13.5001207606193,3.83309739741642,-0.6562536522310365
176.0,-13.5001207606193,3.83233027931017,-0.6600036746238915
177.0,-13.4999462419965,3.83175494073048,-0.6637537189289655
178.0,-13.5001789334936,3.83098782262422,-0.6675037495360125
179.0,-13.5001207606193,3.83022070451797,-0.6712537597376645
180.0,-13.5001789334936,3.82964536593828,-0.6750038114929815
181.0,-13.5001207606193,3.82887824783203,-0.6787538402719955
182.0,-13.4997717233736,3.82811112972578,-0.6825038905157765
183.0,-13.5001789334936,3.82753579114609,-0.6862538889000025
184.0,-13.5001207606193,3.82657689351327,-0.6900038948404156
185.0,-13.500062587745,3.82600155493358,-0.6937539323759715
186.0,-13.4997717233736,3.82523443682733,-0.6975039526686996
187.0,-13.5004116249907,3.82446731872108,-0.7012539577102935
188.0,-13.5000044148708,3.82370020061483,-0.7050040065090495
189.0,-13.5001789334936,3.82293308250858,-0.7087540248287045
190.0,-13.5001789334936,3.82216596440232,-0.7125040599068115
191.0,-13.5001789334936,3.82139884629607,-0.7162540947007935
192.0,-13.4999462419965,3.82063172818982,-0.7200041613302566
193.0,-13.4997717233736,3.81986461008357,-0.7237544804663045
194.0,-13.5001789334936,3.81909749197731,-0.7275042271322375
195.0,-13.5001789334936,3.81833037387106,-0.7312543346798486
196.0,-13.5000044148708,3.81756325576481,-0.7350042323236036
197.0,-13.5003534521164,3.81660435813199,-0.7387543676832086
198.0,-13.4999462419965,3.81583724002574,-0.7425042480619816
199.0,-13.4999462419965,3.81507012191949,-0.7462542517568035
200.0,-13.500062587745,3.81430300381324,-0.7500042613062026
201.0,-13.5000044148708,3.81334410618042,-0.7537542911797556
202.0,-13.5003534521164,3.81257698807417,-0.7575043700472786
203.0,-13.5002371063679,3.81180986996792,-0.7612544159046195
204.0,-13.5002371063679,3.8108509723351,-0.7650044642930365
205.0,-13.5001207606193,3.81008385422885,-0.7687544772190745
206.0,-13.4998298962479,3.8093167361226,-0.7725045185203705
207.0,-13.5000044148708,3.80835783848978,-0.7762545386163175
208.0,-13.4999462419965,3.80759072038353,-0.7800045773436365
209.0,-13.500062587745,3.80663182275071,-0.7837545940127005
210.0,-13.5001789334936,3.80586470464446,-0.7875046499723656
211.0,-13.4999462419965,3.80490580701164,-0.7912546952391495
212.0,-13.5001207606193,3.80413868890539,-0.7950046994375816
213.0,-13.5002952792421,3.80317979127258,-0.7987547448099716
214.0,-13.5000044148708,3.80241267316632,-0.8025047642073925
215.0,-13.5001207606193,3.80145377553351,-0.8062547728201115
216.0,-13.5001207606193,3.80068665742726,-0.8100047928543416
217.0,-13.5001207606193,3.79972775979444,-0.8137548229584095
218.0,-13.5001789334936,3.79896064168819,-0.8175048573549465
219.0,-13.5000044148708,3.79800174405537,-0.8212548511451365
220.0,-13.4999462419965,3.79704284642256,-0.8250048817604685
221.0,-13.5001207606193,3.79608394878974,-0.8287548685452225
222.0,-13.5001207606193,3.79531683068349,-0.8325048743391266
223.0,-13.4999462419965,3.79435793305068,-0.8362549179207935
224.0,-13.5002952792421,3.79339903541786,-0.8400049535362625
225.0,-13.5002952792421,3.79244013778504,-0.8437554959528305
226.0,-13.5002371063679,3.79148124015223,-0.8475049923757775
227.0,-13.5000044148708,3.79071412204598,-0.8512550214503255
228.0,-13.5002371063679,3.78975522441316,-0.8550050337228885
229.0,-13.5001207606193,3.78879632678035,-0.8587550310945615
230.0,-13.5003534521164,3.78783742914753,-0.8625050492079616
231.0,-13.500469797865,3.78687853151471,-0.8662551068447125
232.0,-13.5000044148708,3.78611141340846,-0.8700051263958225
233.0,-13.5004116249907,3.78496073624908,-0.8737551306465565
234.0,-13.4997717233736,3.78419361814283,-0.8775051798330725
235.0,-13.4996553776251,3.78304294098345,-0.8812551837114615
236.0,-13.4999462419965,3.7822758228772,-0.8850051955853355
237.0,-13.5000044148708,3.78131692524439,-0.8887552022740035
238.0,-13.5001789334936,3.78035802761157,-0.8925052154857566
239.0,-13.5001789334936,3.77939912997875,-0.8962552307539056
240.0,-13.5001789334936,3.77844023234594,-0.9000052462890835
241.0,-13.5000044148708,3.77748133471312,-0.9037552020348055
242.0,-13.5002952792421,3.77652243708031,-0.9075052498564086
243.0,-13.4998298962479,3.77556353944749,-0.9112552485332325
244.0,-13.5002952792421,3.77460464181468,-0.9150052627870076
245.0,-13.4996553776251,3.77364574418186,-0.9187552641744565
246.0,-13.4997717233736,3.77249506702248,-0.9225053008349625
247.0,-13.5002952792421,3.77153616938967,-0.9262553213752215
248.0,-13.5003534521164,3.77057727175685,-0.9300053331752165
249.0,-13.500062587745,3.76961837412404,-0.9337553640544816
250.0,-13.500062587745,3.76865947649122,-0.9375054219344375
251.0,-13.5002371063679,3.76770057885841,-0.9412554278225436
252.0,-13.5002371063679,3.76674168122559,-0.9450054396964185
253.0,-13.5000044148708,3.76578278359278,-0.9487554358145195
254.0,-13.5001789334936,3.76482388595996,-0.9525054792354405
255.0,-13.5000044148708,3.76367320880058,-0.9562555175536965
256.0,-13.4999462419965,3.76290609069433,-0.9600055463131145
257.0,-13.4999462419965,3.76175541353495,-0.9637556779172786
258.0,-13.5002952792421,3.76079651590213,-0.9675055812560766
259.0,-13.5003534521164,3.75983761826932,-0.9712556264873276
260.0,-13.5002952792421,3.7588787206365,-0.9750056523048135
261.0,-13.5001207606193,3.75791982300369,-0.9787557039473075
262.0,-13.5001207606193,3.75696092537087,-0.9825057241566275
263.0,-13.5000044148708,3.75600202773806,-0.9862557385066896
264.0,-13.4999462419965,3.75485135057868,-0.9900056865329685
265.0,-13.4997717233736,3.75389245294586,-0.9937557109486885
266.0,-13.4999462419965,3.75293355531305,-0.9975057204774095
267.0,-13.500062587745,3.7521664372068,-1.0012557410551794
268.0,-13.5001207606193,3.75101576004742,-1.0050057436770026
269.0,-13.4998298962479,3.7500568624146,-1.0087557452439844
270.0,-13.4999462419965,3.74909796478179,-1.0125057622833895
271.0,-13.5001207606193,3.74813906714897,-1.0162557824477385
272.0,-13.5001789334936,3.74718016951616,-1.0200058153813996
273.0,-13.5000044148708,3.74622127188334,-1.0237558330995096
274.0,-13.5000044148708,3.74526237425052,-1.0275058524566516
275.0,-13.5001207606193,3.74430347661771,-1.0312558832929914
276.0,-13.500062587745,3.74334457898489,-1.0350058874575916
277.0,-13.5000044148708,3.74238568135208,-1.0387559210175015
278.0,-13.500062587745,3.74142678371926,-1.0425059367054916
279.0,-13.500062587745,3.74046788608645,-1.0462559591848715
280.0,-13.5000044148708,3.73950898845363,-1.0500060030858716
281.0,-13.5001789334936,3.73855009082082,-1.0537560396946415
282.0,-13.4998298962479,3.737591193188,-1.0575060486322014
283.0,-13.5001789334936,3.73663229555519,-1.0612560675819716
284.0,-13.5000044148708,3.73548161839581,-1.0650061006985616
285.0,-13.5000044148708,3.73471450028955,-1.0687562237981014
286.0,-13.5002371063679,3.73375560265674,-1.0725061254561716
287.0,-13.5001789334936,3.73279670502392,-1.0762561706097116
288.0,-13.4999462419965,3.73183780739111,-1.0800061737525615
289.0,-13.5000044148708,3.73087890975829,-1.0837561946522016
290.0,-13.5001207606193,3.72992001212548,-1.0875062340227615
291.0,-13.5002371063679,3.72896111449266,-1.0912562380321515
292.0,-13.5000044148708,3.72800221685985,-1.0950062949352215
293.0,-13.5001789334936,3.72723509875359,-1.0987563105293114
294.0,-13.5001789334936,3.72627620112078,-1.1025063553757715
295.0,-13.5001207606193,3.72531730348796,-1.1062563835370416
296.0,-13.500062587745,3.72435840585515,-1.1100063975689816
297.0,-13.5002952792421,3.72339950822233,-1.1137564230851116
298.0,-13.5000044148708,3.72263239011608,-1.1175064904587315
299.0,-13.5001207606193,3.72167349248327,-1.1212565313794116
300.0,-13.5003534521164,3.72071459485045,-1.1250065411024714
301.0,-13.5001207606193,3.71975569721763,-1.1287565882287516
302.0,-13.5002952792421,3.71879679958482,-1.1325066116392015
303.0,-13.500062587745,3.71802968147857,-1.1362566535126515
304.0,-13.4997135504994,3.71707078384575,-1.1400066775619115
305.0,-13.5003534521164,3.71611188621294,-1.1437566867969515
306.0,-13.4999462419965,3.71534476810668,-1.1475067260513616
307.0,-13.5001207606193,3.71438587047387,-1.1512567534156615
308.0,-13.5000044148708,3.71361875236762,-1.1550068035935115
309.0,-13.5001207606193,3.7126598547348,-1.1587568458912114
310.0,-13.5001207606193,3.71170095710198,-1.1625068646261916
311.0,-13.5000044148708,3.71093383899573,-1.1662568892970915
312.0,-13.5001789334936,3.70997494136292,-1.1700069016995216
313.0,-13.4999462419965,3.70920782325666,-1.1737569350581916
314.0,-13.4999462419965,3.70824892562385,-1.1775069336360116
315.0,-13.5002371063679,3.7074818075176,-1.1812569479268515
316.0,-13.5001207606193,3.70652290988478,-1.1850069580723315
317.0,-13.5000044148708,3.70556401225197,-1.1887569726700016
318.0,-13.5001207606193,3.70479689414571,-1.1925069871982414
319.0,-13.5001789334936,3.70402977603946,-1.1962570319957715
320.0,-13.4998880691222,3.70307087840665,-1.2000070096931015
321.0,-13.5000044148708,3.70230376030039,-1.2037570412491416
322.0,-13.5000044148708,3.70153664219414,-1.2075070962636516
323.0,-13.4998298962479,3.70057774456133,-1.2112570984987716
324.0,-13.5000044148708,3.69981062645507,-1.2150071153620816
325.0,-13.4998298962479,3.69885172882226,-1.2187571171840115
326.0,-13.500062587745,3.69808461071601,-1.2225071552694116
327.0,-13.5000044148708,3.69731749260975,-1.2262571459550216
328.0,-13.4999462419965,3.69635859497694,-1.2300071639965515
329.0,-13.5000044148708,3.69559147687069,-1.2337575212468415
330.0,-13.500062587745,3.69482435876443,-1.2375071804711815
331.0,-13.5002371063679,3.69386546113162,-1.2412572091565415
332.0,-13.5002371063679,3.69309834302536,-1.2450071929402016
333.0,-13.500062587745,3.69233122491911,-1.2487572374463016
334.0,-13.4999462419965,3.6913723272863,-1.2525072486606714
335.0,-13.5003534521164,3.69079698870661,-1.2562572414625015
336.0,-13.5001207606193,3.68983809107379,-1.2600073096033815
337.0,-13.5001207606193,3.68907097296754,-1.2637573721367215
338.0,-13.4999462419965,3.68811207533472,-1.2675073807662716
339.0,-13.4998298962479,3.68734495722847,-1.2712573984986615
340.0,-13.5001207606193,3.68657783912222,-1.2750074128166116
341.0,-13.5001789334936,3.68581072101597,-1.2787574438525116
342.0,-13.500062587745,3.68504360290972,-1.2825074747280014
343.0,-13.5001789334936,3.68427648480346,-1.2862574845170416
344.0,-13.4998298962479,3.68331758717065,-1.2900074654513016
345.0,-13.4998298962479,3.6825504690644,-1.2937574857939915
346.0,-13.5001789334936,3.68178335095814,-1.2975074718616015
347.0,-13.5002371063679,3.68101623285189,-1.3012575181526316
348.0,-13.5001207606193,3.68024911474564,-1.3050075601874715
349.0,-13.5001207606193,3.67948199663939,-1.3087575896933115
350.0,-13.5000044148708,3.67871487853313,-1.3125076262135515
351.0,-13.5001207606193,3.67794776042688,-1.3162576411163815
352.0,-13.5002952792421,3.67718064232063,-1.3200076624184716
353.0,-13.5002371063679,3.67641352421438,-1.3237576897567715
354.0,-13.4998298962479,3.67564640610812,-1.3275077013881516
355.0,-13.5001789334936,3.67487928800187,-1.3312577442639515
356.0,-13.5000044148708,3.67411216989562,-1.3350077732591614
357.0,-13.4999462419965,3.6731532722628,-1.3387577891382216
358.0,-13.5001207606193,3.67257793368311,-1.3425077402382315
359.0,-13.5000044148708,3.6716190360503,-1.3462577777593916
360.0,-13.5001207606193,3.67104369747061,-1.3500077972402116
361.0,-13.5001207606193,3.67008479983779,-1.3537577984975016
362.0,-13.4998298962479,3.66950946125811,-1.3575085417482815
363.0,-13.5001789334936,3.66855056362529,-1.3612578316506416
364.0,-13.5000044148708,3.6679752250456,-1.3650078315063015
365.0,-13.5001207606193,3.66701632741279,-1.3687581171364216
366.0,-13.5001789334936,3.6664409888331,-1.3725078915654216
367.0,-13.4997717233736,3.66567387072684,-1.3762579134233714
368.0,-13.5002952792421,3.66490675262059,-1.3800079753898316
369.0,-13.500062587745,3.66413963451434,-1.3837579474352115
370.0,-13.5001207606193,3.66337251640809,-1.3875079642439716
371.0,-13.5001207606193,3.66260539830183,-1.3912580196124515
372.0,-13.5002952792421,3.66183828019558,-1.3950080209601616
373.0,-13.4999462419965,3.66107116208933,-1.3987580459550415
374.0,-13.4998298962479,3.66030404398308,-1.4025080614317615
375.0,-13.5000044148708,3.65953692587683,-1.4062580462196315
376.0,-13.5001789334936,3.65876980777057,-1.4100080692967116
377.0,-13.4995390318765,3.65800268966432,-1.4137580948791115
378.0,-13.500469797865,3.65723557155807,-1.4175080928548016
379.0,-13.5001789334936,3.65646845345182,-1.4212581286416115
380.0,-13.5000044148708,3.65589311487213,-1.4250081569778215
381.0,-13.4998298962479,3.65512599676587,-1.4287581549641415
382.0,-13.500062587745,3.65435887865962,-1.4325081684866716
383.0,-13.5001789334936,3.65359176055337,-1.4362581954789915
384.0,-13.500062587745,3.65282464244712,-1.4400082081428216
385.0,-13.5000044148708,3.65205752434086,-1.4437582029374216
386.0,-13.5001207606193,3.65129040623461,-1.4475081991957914
387.0,-13.5000044148708,3.65052328812836,-1.4512582354621715
388.0,-13.4998298962479,3.64975617002211,-1.4550082483756115
389.0,-13.4999462419965,3.64898905191585,-1.4587582426886716
390.0,-13.4996553776251,3.6482219338096,-1.4625082242782714
391.0,-13.5000044148708,3.64764659522991,-1.4662582267963016
392.0,-13.5001207606193,3.64687947712366,-1.4700082656253615
393.0,-13.4997717233736,3.64611235901741,-1.4737582980713015
394.0,-13.5000044148708,3.64534524091116,-1.4775083069237016
395.0,-13.5000044148708,3.6445781228049,-1.4812583417254315
396.0,-13.5003534521164,3.64381100469865,-1.4850083361913016
397.0,-13.500062587745,3.6430438865924,-1.4887583551658514
398.0,-13.5001207606193,3.64227676848615,-1.4925083607360314
399.0,-13.5000044148708,3.64150965037989,-1.4962583978046116
400.0,-13.5002952792421,3.64074253227364,-1.5000084276985415
401.0,-13.4995972047508,3.64016719369395,-1.5037584310382714
402.0,-13.500469797865,3.6394000755877,-1.5075084138951016
403.0,-13.5001207606193,3.63863295748145,-1.5112584081739415
404.0,-13.4998298962479,3.6378658393752,-1.5150087055457115
405.0,-13.5000044148708,3.63709872126894,-1.5187584354465016
406.0,-13.5002952792421,3.63633160316269,-1.5225084555164916
407.0,-13.4999462419965,3.63556448505644,-1.5262585142121214
408.0,-13.500469797865,3.63479736695019,-1.5300084603755415
409.0,-13.5000044148708,3.6342220283705,-1.5337584736451515
410.0,-13.4997717233736,3.63326313073768,-1.5375084995934416
411.0,-13.4998880691222,3.63249601263143,-1.5412585052328516
412.0,-13.5001207606193,3.63192067405174,-1.5450085142894314
413.0,-13.5002371063679,3.63115355594549,-1.5487585307115115
414.0,-13.500062587745,3.63038643783924,-1.5525085354670916
415.0,-13.5002371063679,3.62961931973298,-1.5562585817755314
416.0,-13.5001207606193,3.62885220162673,-1.5600086046490715
417.0,-13.4998298962479,3.62808508352048,-1.5637586506016214
418.0,-13.4998298962479,3.62731796541423,-1.5675086746909315
419.0,-13.5001789334936,3.62655084730797,-1.5712586809608915
420.0,-13.4996553776251,3.62578372920172,-1.5750086849962914
421.0,-13.5000044148708,3.62501661109547,-1.5787586636826616
422.0,-13.5002952792421,3.62424949298922,-1.5825086860984114
423.0,-13.5001789334936,3.62348237488296,-1.5862587032436415
424.0,-13.5001207606193,3.62290703630328,-1.5900087587631415
425.0,-13.500062587745,3.62194813867046,-1.5937587624876914
426.0,-13.4999462419965,3.62137280009077,-1.5975087892833715
427.0,-13.5000044148708,3.62041390245796,-1.6012588083750114
428.0,-13.4999462419965,3.6196467843517,-1.6050088333471715
429.0,-13.5001789334936,3.61887966624545,-1.6087588422880215
430.0,-13.5001789334936,3.6181125481392,-1.6125088587579415
431.0,-13.5000044148708,3.61734543003295,-1.6162588665417714
432.0,-13.5000044148708,3.61657831192669,-1.6200088824772114
433.0,-13.5001789334936,3.61581119382044,-1.6237588832088115
434.0,-13.4999462419965,3.61504407571419,-1.6275088814612715
435.0,-13.4999462419965,3.61427695760794,-1.6312588847158316
436.0,-13.5000044148708,3.61350983950168,-1.6350088959645015
437.0,-13.5001789334936,3.61274272139543,-1.6387589383727514
438.0,-13.500062587745,3.61197560328918,-1.6425089366334615
439.0,-13.4993063403794,3.61120848518293,-1.6462589654267714
440.0,-13.5001207606193,3.61044136707667,-1.6500090061191215
441.0,-13.5002371063679,3.60967424897042,-1.6537590309545316
442.0,-13.5000044148708,3.60890713086417,-1.6575090882329815
443.0,-13.5001207606193,3.60814001275792,-1.6612590989460316
444.0,-13.4996553776251,3.6071811151251,-1.6650091234394515
445.0,-13.5001789334936,3.60660577654541,-1.6687591765460414
446.0,-13.500062587745,3.6056468789126,-1.6725091820071916
446.9999999999982,-13.5001207606193,3.60487976080634,-1.6762591768926716
448.0009999999984,-13.4998880691222,3.60411264270009,-1.6800101451490215
448.9999999999982,-13.4997717233736,3.60334552459384,-1.6837592337402716
449.9999999999982,-13.5001789334936,3.60257840648759,-1.6875092791983515
450.9999999999982,-13.5003534521164,3.60181128838134,-1.6912593058438816
451.9999999999982,-13.4996553776251,3.60085239074852,-1.6950093625244715
452.9999999999982,-13.5002952792421,3.60008527264227,-1.6987593824856415
453.9999999999982,-13.5000044148708,3.59931815453602,-1.7025094075761915
454.9999999999982,-13.5002371063679,3.59855103642976,-1.7062594579205015
455.9999999999982,-13.5002952792421,3.59759213879695,-1.7100094998875415
456.9999999999982,-13.5003534521164,3.5968250206907,-1.7137595125794816
457.9999999999982,-13.5001789334936,3.59605790258444,-1.7175095477382416
458.9999999999982,-13.4999462419965,3.59529078447819,-1.7212595195365115
459.9999999999982,-13.5000044148708,3.59452366637194,-1.7250095268248016
460.9999999999982,-13.4998298962479,3.59375654826569,-1.7287595506736615
461.9999999999982,-13.4998880691222,3.59279765063287,-1.7325095472626115
462.9999999999982,-13.5001207606193,3.59203053252662,-1.7362595897824515
463.9999999999982,-13.4997717233736,3.59126341442037,-1.7400097115129116
464.9999999999982,-13.5000044148708,3.59030451678755,-1.7437596248474214
465.9999999999982,-13.4999462419965,3.5895373986813,-1.7475096597594315
466.9999999999982,-13.5002371063679,3.58877028057505,-1.7512596730758616
467.9999999999982,-13.5002952792421,3.58800316246879,-1.7550096658805414
468.9999999999982,-13.5001207606193,3.58704426483598,-1.7587597041908916
469.9999999999982,-13.500062587745,3.58627714672973,-1.7625097093993216
470.9999999999982,-13.4999462419965,3.58531824909691,-1.7662597390191714
471.9999999999982,-13.5001207606193,3.58474291051722,-1.7700097599511215
472.9999999999982,-13.4999462419965,3.58378401288441,-1.7737597908866716
473.9999999999982,-13.4998880691222,3.58301689477815,-1.7775097807331315
474.9999999999982,-13.500062587745,3.58205799714534,-1.7812598145815215
475.9999999999982,-13.500062587745,3.58129087903909,-1.7850098267377816
476.9999999999982,-13.5001207606193,3.58052376093283,-1.7887598617691516
477.9999999999982,-13.5002371063679,3.57956486330002,-1.7925098788382916
478.9999999999982,-13.4999462419965,3.57879774519377,-1.7962599271217015
479.9999999999982,-13.5001789334936,3.57803062708751,-1.8000099795059314
480.9999999999982,-13.500062587745,3.57726350898126,-1.8037599670762314
481.9999999999982,-13.5002952792421,3.57611283182188,-1.8075100054443116
482.9999999999982,-13.5000044148708,3.57534571371563,-1.8112600021011516
483.9999999999982,-13.4997717233736,3.57457859560938,-1.8150099968857014
484.9999999999982,-13.4999462419965,3.57381147750313,-1.8187599781531416
485.9999999999982,-13.5000044148708,3.57285257987031,-1.8225100252230415
486.9999999999982,-13.500062587745,3.57208546176406,-1.8262600343385915
487.9999999999982,-13.500062587745,3.57112656413124,-1.8300100652061015
488.9999999999982,-13.5000044148708,3.57035944602499,-1.8337600668331315
489.9999999999982,-13.5001207606193,3.56940054839217,-1.8375100998978415
490.9999999999982,-13.500062587745,3.56863343028592,-1.8412601142369716
491.9999999999982,-13.4998298962479,3.56786631217967,-1.8450101358567514
492.9999999999982,-13.5001207606193,3.56690741454685,-1.8487601659855815
493.9999999999982,-13.4998298962479,3.56594851691404,-1.8525102094384316
494.9999999999982,-13.4998298962479,3.56518139880779,-1.8562602018361016
495.9999999999982,-13.500062587745,3.56422250117497,-1.8600102000963015
496.9999999999982,-13.4999462419965,3.56345538306872,-1.8637601979057414
497.9999999999982,-13.500062587745,3.5624964854359,-1.8675102227824416
498.9999999999982,-13.5001207606193,3.56172936732965,-1.8712602550219615
499.9999999999982,-13.5000044148708,3.56077046969683,-1.8750102718097115
500.9999999999982,-13.5001207606193,3.56000335159058,-1.8787603071769716
501.9999999999982,-13.5001789334936,3.55904445395777,-1.8825103325071015
502.9999999999982,-13.5000044148708,3.55827733585151,-1.8862603418498216
503.9999999999982,-13.4998298962479,3.5573184382187,-1.8900103474417616
504.9999999999982,-13.5000044148708,3.55655132011245,-1.8937603594592016
505.9999999999982,-13.5001207606193,3.55559242247963,-1.8975103886563116
506.9999999999982,-13.4995390318765,3.55482530437338,-1.9012604261542516
507.9999999999982,-13.5001789334936,3.55386640674056,-1.9050104401731116
508.9999999999982,-13.5001207606193,3.55290750910775,-1.9087604897633415
509.9999999999982,-13.4997717233736,3.5521403910015,-1.9125104830987616
510.9999999999982,-13.4999462419965,3.55118149336868,-1.9162604968603116
511.9999999999982,-13.5003534521164,3.55022259573587,-1.9200105029718415
512.9999999999982,-13.5001207606193,3.54945547762961,-1.9237605230258314
513.9999999999982,-13.5004116249907,3.54868835952336,-1.9275105602215314
514.9999999999982,-13.4999462419965,3.54772946189055,-1.9312606034093716
515.9999999999982,-13.500062587745,3.54677056425773,-1.9350106255617114
516.9999999999982,-13.5001207606193,3.54600344615148,-1.9387606625384415
517.9999999999982,-13.5001789334936,3.54504454851866,-1.9425107044751315
518.9999999999982,-13.5001207606193,3.54427743041241,-1.9462607350363315
519.9999999999982,-13.5001789334936,3.54331853277959,-1.9500107376308016
520.9999999999982,-13.5001207606193,3.54235963514678,-1.9537607970771016
521.9999999999982,-13.5001207606193,3.54159251704053,-1.9575108615953116
522.9999999999982,-13.5001207606193,3.54063361940771,-1.9612607975556515
523.9999999999982,-13.5001207606193,3.5396747217749,-1.9650108078390416
524.9999999999982,-13.5001207606193,3.53890760366864,-1.9687608325408115
525.9999999999982,-13.5001789334936,3.53794870603583,-1.9725108532294016
526.9999999999982,-13.500062587745,3.53698980840301,-1.9762608876483014
527.9999999999982,-13.4999462419965,3.53622269029676,-1.9800108887288215
528.9999999999982,-13.5001789334936,3.53526379266394,-1.9837609165942316
529.9999999999982,-13.5001789334936,3.53430489503113,-1.9875109371337616
530.9999999999982,-13.500062587745,3.53334599739831,-1.9912609820202716
531.9999999999982,-13.5004116249907,3.53257887929206,-1.9950109919956216
532.9999999999982,-13.4998880691222,3.53161998165925,-1.9987609978500915
533.9999999999982,-13.5001789334936,3.53085286355299,-2.0025110094235816
534.9999999999982,-13.500062587745,3.52989396592018,-2.0062610334031916
535.9999999999982,-13.5003534521164,3.52893506828736,-2.0100110613057214
536.9999999999982,-13.5001207606193,3.52816795018111,-2.0137610652707716
537.9999999999982,-13.5001207606193,3.5272090525483,-2.0175111006134814
538.9999999999982,-13.5003534521164,3.52625015491548,-2.0212611089457915
539.9999999999982,-13.5001207606193,3.52529125728266,-2.0250111426452415
540.9999999999982,-13.4999462419965,3.52452413917641,-2.028761153402021
541.9999999999982,-13.5001789334936,3.5235652415436,-2.032511178005591
542.9999999999982,-13.500062587745,3.52260634391078,-2.036261192308041
543.9999999999982,-13.5001207606193,3.52164744627797,-2.0400112382148015
544.9999999999982,-13.5000044148708,3.52068854864515,-2.043761257101991
545.9999999999982,-13.4999462419965,3.5199214305389,-2.0475112964339015
546.9999999999982,-13.5001789334936,3.51896253290608,-2.0512613254283214
547.9999999999982,-13.4998298962479,3.51800363527327,-2.055011304660521
548.9999999999982,-13.5002952792421,3.51723651716701,-2.0587613438825314
549.9999999999982,-13.5002371063679,3.5162776195342,-2.0625114006282512
550.9999999999982,-13.4998880691222,3.51531872190138,-2.0662614044808714
551.9999999999982,-13.5004116249907,3.51435982426857,-2.0700114276287613
552.9999999999982,-13.4997135504994,3.51340092663575,-2.073761467872991
553.9999999999982,-13.5001207606193,3.5126338085295,-2.077511507743431
554.9999999999982,-13.5001789334936,3.51167491089668,-2.0812615403433914
555.9999999999982,-13.4995972047508,3.51071601326387,-2.085011546670381
556.9999999999982,-13.5002952792421,3.50994889515762,-2.0887615909924113
557.9999999999982,-13.5001207606193,3.5089899975248,-2.092511621193481
558.9999999999982,-13.5001207606193,3.50803109989199,-2.096261647037731
559.9999999999982,-13.5000044148708,3.50707220225917,-2.100011678044311
560.9999999999982,-13.5000044148708,3.50611330462636,-2.103761685698341
561.9999999999982,-13.5000044148708,3.5053461865201,-2.1075116601003714
562.9999999999982,-13.4999462419965,3.50438728888729,-2.1112616983428714
563.9999999999982,-13.5001207606193,3.50342839125447,-2.1150117139763713
564.9999999999982,-13.4998880691222,3.50246949362166,-2.1187617483340313
565.9999999999982,-13.5001207606193,3.5017023755154,-2.1225118292175513
566.9999999999982,-13.4997717233736,3.50074347788259,-2.1262618094535015
567.9999999999982,-13.5002371063679,3.49978458024977,-2.1300118409433213
568.9999999999982,-13.4997717233736,3.49882568261696,-2.1337618775385114
569.9999999999982,-13.5001207606193,3.49786678498414,-2.137511902794781
570.9999999999982,-13.5002952792421,3.49690788735133,-2.1412619614976913
571.9999999999982,-13.4996553776251,3.49614076924507,-2.1450119669021612
572.9999999999982,-13.5001207606193,3.49518187161226,-2.1487619949935213
573.9999999999982,-13.5000044148708,3.49422297397944,-2.152512038884151
574.9999999999982,-13.500062587745,3.49326407634663,-2.156262092502751
575.9999999999982,-13.4997717233736,3.49249695824038,-2.1600120970729813
576.9999999999982,-13.5001207606193,3.49153806060756,-2.163762107467641
577.9999999999982,-13.5000044148708,3.49057916297475,-2.1675121351169313
578.9999999999982,-13.500062587745,3.48962026534193,-2.1712621458235013
579.9999999999982,-13.4998298962479,3.48866136770911,-2.1750121857437215
580.9999999999982,-13.4998298962479,3.48789424960286,-2.1787621891005213
581.9999999999982,-13.500062587745,3.48693535197005,-2.1825122284304115
582.9999999999982,-13.4994808590023,3.48597645433723,-2.1862622195107013
583.9999999999982,-13.500062587745,3.48501755670442,-2.1900122453983415
584.9999999999982,-13.5000044148708,3.4840586590716,-2.1937622818338114
585.9999999999982,-13.4999462419965,3.48329154096535,-2.1975123035941415
586.9999999999982,-13.5001207606193,3.48233264333253,-2.2012623338152615
587.9999999999982,-13.5000044148708,3.48137374569972,-2.2050123815411715
588.9999999999982,-13.5002371063679,3.4804148480669,-2.208762403552491
589.9999999999982,-13.5002371063679,3.47945595043409,-2.2125124554816513
590.9999999999982,-13.5003534521164,3.47868883232783,-2.2162624602468215
591.9999999999982,-13.5001207606193,3.47772993469502,-2.2200124912605914
592.9999999999982,-13.5001789334936,3.4767710370622,-2.2237625591745913
593.9999999999982,-13.5000044148708,3.47581213942939,-2.2275125165317013
594.9999999999982,-13.5002371063679,3.47485324179657,-2.2312625421451813
595.9999999999982,-13.5001789334936,3.47408612369032,-2.2350125807839314
596.9999999999982,-13.5002952792421,3.4731272260575,-2.238762565534701
597.9999999999982,-13.5001207606193,3.47216832842469,-2.2425126122151515
598.9999999999982,-13.5000044148708,3.47140121031844,-2.2462626721613015
599.9999999999982,-13.5000044148708,3.47044231268562,-2.250012660743191
600.9999999999982,-13.4999462419965,3.46948341505281,-2.2537626628398413
601.9999999999982,-13.5000044148708,3.46852451741999,-2.2575126581054215
602.9999999999982,-13.5002371063679,3.46756561978717,-2.2612626996680114
603.9999999999982,-13.4996553776251,3.46679850168092,-2.265012719251901
604.9999999999982,-13.5003534521164,3.46583960404811,-2.2687628995850613
605.9999999999982,-13.4997717233736,3.46488070641529,-2.2725127716254314
606.9999999999982,-13.5001789334936,3.46392180878248,-2.276262772061241
607.9999999999982,-13.5003534521164,3.46296291114966,-2.280012806921781
608.9999999999982,-13.5001789334936,3.46219579304341,-2.2837628403501213
609.9999999999982,-13.5001789334936,3.46123689541059,-2.2875128321939213
610.9999999999982,-13.5000044148708,3.46027799777778,-2.2912628719646615
611.9999999999982,-13.5004116249907,3.45951087967153,-2.2950128888877614
612.9999999999982,-13.5001789334936,3.45855198203871,-2.2987629433166914
613.9999999999982,-13.5001207606193,3.45759308440589,-2.302512931321471
614.9999999999982,-13.4999462419965,3.45663418677308,-2.3062629952913314
615.9999999999982,-13.4998298962479,3.45586706866683,-2.3100129816411314
616.9999999999982,-13.5001207606193,3.45490817103401,-2.3137629859978714
617.9999999999982,-13.5002371063679,3.4539492734012,-2.317513029689341
618.9999999999982,-13.5002952792421,3.45318215529494,-2.3212630585591114
619.9999999999982,-13.5003534521164,3.45222325766213,-2.3250130812018814
620.9999999999982,-13.5000044148708,3.45126436002931,-2.3287630854546713
621.9999999999982,-13.500469797865,3.45049724192306,-2.3325131438397815
622.9999999999982,-13.5001789334936,3.44953834429024,-2.3362631481323213
623.9999999999982,-13.5002952792421,3.44857944665743,-2.340013173120491
624.9999999999982,-13.5001789334936,3.44762054902461,-2.3437631967637413
625.9999999999982,-13.500062587745,3.44685343091836,-2.3475132258925813
626.9999999999982,-13.4996553776251,3.44608631281211,-2.3512632175656214
627.9999999999982,-13.5002952792421,3.44512741517929,-2.355013223065061
628.9999999999982,-13.500062587745,3.44416851754648,-2.3587632630878015
629.9999999999982,-13.4999462419965,3.44320961991366,-2.3625132569759715
630.9999999999982,-13.5001789334936,3.44244250180741,-2.366263274908181
631.9999999999982,-13.4999462419965,3.4414836041746,-2.3700132619073813
632.9999999999982,-13.5001789334936,3.44052470654178,-2.3737632816436114
633.9999999999982,-13.500062587745,3.43975758843553,-2.3775133016033414
634.9999999999982,-13.5001207606193,3.43879869080271,-2.3812633045172613
635.9999999999982,-13.500062587745,3.43803157269646,-2.3850133311220914
636.9999999999982,-13.5001207606193,3.43707267506364,-2.3887633636959613
637.9999999999982,-13.5001207606193,3.43630555695739,-2.392513357120081
638.9999999999982,-13.5000044148708,3.43534665932458,-2.396263364655771
639.9999999999982,-13.4998880691222,3.43457954121832,-2.4000133710456013
640.9999999999982,-13.5000044148708,3.43362064358551,-2.403763419306771
641.9999999999982,-13.5001207606193,3.43285352547926,-2.4075134613915714
642.9999999999982,-13.5001789334936,3.43189462784644,-2.4112634934318113
643.9999999999982,-13.4999462419965,3.43112750974019,-2.4150135111137514
644.9999999999982,-13.5000044148708,3.43016861210737,-2.418763523353911
645.9999999999982,-13.5002952792421,3.42920971447456,-2.422513564165531
646.9999999999982,-13.4999462419965,3.42844259636831,-2.4262635277609212
647.9999999999982,-13.500062587745,3.42748369873549,-2.4300135548891415
648.9999999999982,-13.5002952792421,3.42671658062924,-2.4337635846360315
649.9999999999982,-13.5001207606193,3.42575768299642,-2.4375136184666615
650.9999999999982,-13.5003534521164,3.42499056489017,-2.4412636278131212
651.9999999999982,-13.4998298962479,3.42403166725735,-2.4450136653169112
652.9999999999982,-13.5001789334936,3.4232645491511,-2.4487636740110115
653.9999999999982,-13.4999462419965,3.42230565151829,-2.4525136969296213
654.9999999999982,-13.4997717233736,3.42153853341203,-2.4562637313118114
655.9999999999982,-13.5004116249907,3.42057963577922,-2.460013739681051
656.9999999999982,-13.4999462419965,3.41981251767297,-2.4637637649407313
657.9999999999982,-13.5001207606193,3.41885362004015,-2.4675138535921115
658.9999999999982,-13.4999462419965,3.41789472240734,-2.4712638163156515
659.9999999999982,-13.4995972047508,3.41712760430108,-2.4750138270892412
660.9999999999982,-13.5002952792421,3.41636048619483,-2.478763833083151
661.9999999999982,-13.5000044148708,3.41540158856202,-2.4825138696577813
662.9999999999982,-13.5000044148708,3.41463447045576,-2.4862638969558315
663.9999999999982,-13.5000044148708,3.41367557282295,-2.4900139069122713
664.9999999999982,-13.5002952792421,3.4129084547167,-2.4937639419329214
665.9999999999982,-13.5003534521164,3.41194955708388,-2.4975139514425013
666.9999999999982,-13.500062587745,3.41118243897763,-2.5012639894724114
667.9999999999982,-13.5003534521164,3.41041532087138,-2.5050139818073514
668.9999999999982,-13.5002371063679,3.40945642323856,-2.5087640447305115
669.9999999999982,-13.500062587745,3.40868930513231,-2.5125140550160014
670.9999999999982,-13.4998298962479,3.40792218702605,-2.5162640705598713
671.9999999999982,-13.5001207606193,3.40696328939324,-2.520014076197821
672.9999999999982,-13.4998298962479,3.40619617128699,-2.5237641057545415
673.9999999999982,-13.5001207606193,3.40542905318073,-2.5275140922935213
674.9999999999982,-13.5001207606193,3.40447015554792,-2.5312641039266115
675.9999999999982,-13.5000044148708,3.40370303744167,-2.535014118715201
676.9999999999982,-13.5001789334936,3.40293591933541,-2.5387641347469114
677.9999999999982,-13.4998298962479,3.4019770217026,-2.5425141612995015
678.9999999999982,-13.500062587745,3.40101812406978,-2.5462641756340614
679.9999999999982,-13.5002371063679,3.40025100596353,-2.5500141788130914
680.9999999999982,-13.500062587745,3.39948388785728,-2.5537642123310813
681.9999999999982,-13.4997717233736,3.39871676975103,-2.5575142561824915
682.9999999999982,-13.5001789334936,3.39775787211821,-2.5612642648616615
683.9999999999982,-13.5000044148708,3.39699075401196,-2.565014284182251
684.9999999999982,-13.4998880691222,3.39622363590571,-2.5687642467325014
685.9999999999982,-13.5001207606193,3.39526473827289,-2.5725142758944513
686.9999999999982,-13.5000044148708,3.39449762016664,-2.5762642683029213
687.9999999999982,-13.500062587745,3.39373050206039,-2.580014268878861
688.9999999999982,-13.4999462419965,3.39277160442757,-2.5837643404060113
689.9999999999982,-13.5001207606193,3.39200448632132,-2.5875143636969513
690.9999999999982,-13.5001207606193,3.3910455886885,-2.5912643993030615
691.9999999999982,-13.5002371063679,3.39027847058225,-2.5950144497657313
692.9999999999982,-13.5001789334936,3.389511352476,-2.5987644602614415
693.9999999999982,-13.5002952792421,3.38874423436975,-2.602514487757681
694.9999999999982,-13.5002371063679,3.38797711626349,-2.6062645154282613
695.9999999999982,-13.5001207606193,3.38701821863068,-2.6100145521310214
696.9999999999982,-13.5001789334936,3.38625110052443,-2.6137645817549915
697.9999999999982,-13.5001207606193,3.38548398241817,-2.6175146237075513
698.9999999999982,-13.5001207606193,3.38452508478536,-2.621264668003381
699.9999999999982,-13.5003534521164,3.38375796667911,-2.6250146787827915
700.9999999999982,-13.5000044148708,3.38299084857285,-2.6287647037702513
701.9999999999982,-13.5002952792421,3.3822237304666,-2.6325147507562114
702.9999999999982,-13.4999462419965,3.38126483283379,-2.636264756103411
703.9999999999982,-13.5001207606193,3.38049771472753,-2.640014727154571
704.9999999999982,-13.5002371063679,3.37973059662128,-2.643764768763411
705.9999999999982,-13.5002952792421,3.37877169898847,-2.6475147829299113
706.9999999999982,-13.5001789334936,3.37800458088221,-2.6512648048942813
707.9999999999982,-13.5002952792421,3.37723746277596,-2.6550148235875115
708.9999999999982,-13.5002371063679,3.37647034466971,-2.6587648610700114
709.9999999999982,-13.5000044148708,3.37551144703689,-2.662514888164101
710.9999999999982,-13.5002952792421,3.37474432893064,-2.666264916461201
711.9999999999982,-13.5001789334936,3.37397721082439,-2.6700149429092415
712.9999999999982,-13.5000044148708,3.37321009271814,-2.6737649570152615
713.9999999999982,-13.5000044148708,3.37225119508532,-2.6775149589764715
714.9999999999982,-13.4998880691222,3.37148407697907,-2.681264970844391
715.9999999999982,-13.5003534521164,3.37071695887282,-2.6850149929240312
716.9999999999982,-13.5002371063679,3.36994984076656,-2.6887650157611414
717.9999999999982,-13.500062587745,3.36899094313375,-2.6925150449586415
718.9999999999982,-13.4997717233736,3.3682238250275,-2.6962650370487915
719.9999999999982,-13.5001789334936,3.36745670692124,-2.7000150606872815
720.9999999999982,-13.5001207606193,3.36668958881499,-2.7037650646509315
721.9999999999982,-13.5001207606193,3.36573069118218,-2.7075150935266312
722.9999999999982,-13.4999462419965,3.36496357307592,-2.711265096508541
723.9999999999982,-13.5001207606193,3.36419645496967,-2.7150151039566315
724.9999999999982,-13.5001207606193,3.36342933686342,-2.718765095914211
725.9999999999982,-13.5001207606193,3.36266221875717,-2.722515115760541
726.9999999999982,-13.5001207606193,3.36170332112435,-2.7262651591891514
727.9999999999982,-13.5004116249907,3.3609362030181,-2.7300151779519215
728.9999999999982,-13.4998880691222,3.36016908491185,-2.7337651845079414
729.9999999999982,-13.5001207606193,3.35940196680559,-2.7375152005933514
730.9999999999982,-13.4999462419965,3.35844306917278,-2.7412652248051512
731.9999999999982,-13.4999462419965,3.35767595106653,-2.745015228168221
732.9999999999982,-13.5000044148708,3.35690883296027,-2.7487652502531614
733.9999999999982,-13.4999462419965,3.35614171485402,-2.7525152707196314
734.9999999999982,-13.4998298962479,3.35518281722121,-2.7562652714030413
735.9999999999982,-13.5000044148708,3.35441569911495,-2.760015266410511
736.9999999999982,-13.5001207606193,3.3536485810087,-2.7637652760242015
737.9999999999982,-13.5002371063679,3.35288146290245,-2.7675153083813413
738.9999999999982,-13.4999462419965,3.35192256526963,-2.7712653240490313
739.9999999999982,-13.5000044148708,3.35115544716338,-2.7750153705070812
740.9999999999982,-13.4999462419965,3.35038832905713,-2.778765399900481
741.9999999999982,-13.4998298962479,3.34962121095088,-2.7825153895464014
742.9999999999982,-13.5000044148708,3.34885409284462,-2.7862654094464814
743.9999999999982,-13.4998298962479,3.34789519521181,-2.7900154112607414
744.9999999999982,-13.5001207606193,3.34712807710556,-2.7937654485921612
745.9999999999982,-13.5001207606193,3.3463609589993,-2.7975154483481215
746.9999999999982,-13.5001789334936,3.34559384089305,-2.8012654646499815
747.9999999999982,-13.4998880691222,3.34463494326024,-2.8050158563813414
748.9999999999982,-13.4999462419965,3.34386782515398,-2.808765455329781
749.9999999999982,-13.5001207606193,3.34290892752117,-2.8125154946290714
750.9999999999982,-13.5001207606193,3.34214180941492,-2.8162655081331813
751.9999999999982,-13.5000044148708,3.34137469130866,-2.8200155286848614
752.9999999999982,-13.4997717233736,3.34060757320241,-2.8237655570995015
753.9999999999982,-13.5002371063679,3.3396486755696,-2.8275155687642215
754.9999999999982,-13.4999462419965,3.33888155746334,-2.8312656059118915
755.9999999999982,-13.4993645132537,3.33811443935709,-2.8350156044271513
756.9999999999982,-13.5001789334936,3.33715554172428,-2.8387656233306515
757.9999999999982,-13.5002952792421,3.33658020314459,-2.8425156557700513
758.9999999999982,-13.5001789334936,3.33562130551177,-2.8462656894243614
759.9999999999982,-13.4998298962479,3.33485418740552,-2.850015698999821
760.9999999999982,-13.5001207606193,3.3338952897727,-2.8537657390843614
761.9999999999982,-13.5004116249907,3.33312817166645,-2.8575157521576013
762.9999999999982,-13.5002952792421,3.3323610535602,-2.861265763418891
763.9999999999982,-13.4998298962479,3.33140215592738,-2.865015779300111
764.9999999999982,-13.5000044148708,3.33063503782113,-2.8687658041205912
765.9999999999982,-13.5000044148708,3.32986791971488,-2.8725158120642313
766.9999999999982,-13.5002952792421,3.32890902208206,-2.8762658434467614
767.9999999999982,-13.5002371063679,3.32814190397581,-2.8800158687139614
768.9999999999982,-13.5002371063679,3.32737478586956,-2.8837658684590814
769.9999999999982,-13.5001207606193,3.32641588823674,-2.8875159144222513
770.9999999999982,-13.500062587745,3.32564877013049,-2.891265922387581
771.9999999999982,-13.5001789334936,3.32468987249768,-2.8950159710509613
772.9999999999982,-13.5000044148708,3.32392275439142,-2.8987659749964614
773.9999999999982,-13.5002371063679,3.32315563628517,-2.9025160311634015
774.9999999999982,-13.5001789334936,3.32219673865236,-2.9062660315094613
775.9999999999982,-13.5002371063679,3.3214296205461,-2.910016067544601
776.9999999999982,-13.5003534521164,3.32047072291329,-2.9137660955231413
777.9999999999982,-13.5002371063679,3.31970360480703,-2.917516101807211
778.9999999999982,-13.4999462419965,3.31874470717422,-2.9212661237255313
779.9999999999982,-13.5001207606193,3.31797758906797,-2.9250161189007615
780.9999999999982,-13.5001207606193,3.31721047096171,-2.9287661460294214
781.9999999999982,-13.5001789334936,3.31644335285546,-2.932516157876101
782.9999999999982,-13.5001207606193,3.31548445522265,-2.9362661786701714
783.9999999999982,-13.5002952792421,3.31452555758983,-2.9400162126953813
784.9999999999982,-13.5000044148708,3.31375843948358,-2.9437662373955713
785.9999999999982,-13.500062587745,3.31279954185076,-2.9475162603985914
786.9999999999982,-13.5001789334936,3.31203242374451,-2.951266283425391
787.9999999999982,-13.4995972047508,3.3110735261117,-2.9550163058810712
788.9999999999982,-13.5000044148708,3.31030640800544,-2.9587663179902113
789.9999999999982,-13.5000044148708,3.30934751037263,-2.9625163298720514
790.9999999999982,-13.5000044148708,3.30858039226638,-2.9662663569585512
791.9999999999982,-13.5001207606193,3.30762149463356,-2.9700163547715914
792.9999999999982,-13.4996553776251,3.30685437652731,-2.9737663519628215
793.9999999999982,-13.5000044148708,3.30589547889449,-2.9775163737187214
794.9999999999982,-13.5001207606193,3.30512836078824,-2.9812663681398015
795.9999999999982,-13.4997717233736,3.30416946315543,-2.9850163655823714
796.9999999999982,-13.5001207606193,3.30340234504917,-2.9887663769748114
797.9999999999982,-13.4997135504994,3.30244344741636,-2.992516424678361
798.9999999999982,-13.5002952792421,3.30148454978354,-2.996266417662141
799.9999999999982,-13.4996553776251,3.30071743167729,-3.0000164165864214
800.9999999999982,-13.5001789334936,3.29975853404447,-3.0037664365801815
801.9999999999982,-13.5000044148708,3.29899141593822,-3.0075164565322314
802.9999999999982,-13.5001789334936,3.29803251830541,-3.0112664905251614
803.9999999999982,-13.5002952792421,3.29707362067259,-3.0150165192875513
804.9999999999982,-13.5001207606193,3.29630650256634,-3.018766574384191
805.9999999999982,-13.5001789334936,3.29534760493352,-3.0225166042029414
806.9999999999982,-13.4998298962479,3.29458048682727,-3.026266609003151
807.9999999999982,-13.4998880691222,3.29362158919445,-3.0300166049882815
808.9999999999982,-13.5000044148708,3.29266269156164,-3.0337666212049115
809.9999999999982,-13.4996553776251,3.29170379392882,-3.0375166479315214
810.9999999999982,-13.5001207606193,3.29093667582257,-3.0412666570649813
811.9999999999982,-13.5001789334936,3.28997777818976,-3.045016662839961
812.9999999999982,-13.4999462419965,3.28901888055694,-3.048766670394121
813.9999999999982,-13.4999462419965,3.28825176245069,-3.0525166780694013
814.9999999999982,-13.4999462419965,3.28729286481787,-3.0562666875467213
815.9999999999982,-13.500062587745,3.28633396718506,-3.060016728617611
816.9999999999982,-13.4999462419965,3.28556684907881,-3.0637667263569313
817.9999999999982,-13.5002952792421,3.28441617191943,-3.0675167474108713
818.9999999999982,-13.5001207606193,3.28364905381317,-3.0712667640675413
819.9999999999982,-13.500062587745,3.28269015618036,-3.0750168007986214
820.9999999999982,-13.5001207606193,3.28173125854754,-3.0787668243180812
821.9999999999982,-13.4999462419965,3.28096414044129,-3.0825168314981215
822.9999999999982,-13.5001789334936,3.28000524280848,-3.0862668373272113
823.9999999999982,-13.4998880691222,3.27904634517566,-3.0900168572606312
824.9999999999982,-13.5000044148708,3.27808744754285,-3.0937668755034915
825.9999999999982,-13.5005861436135,3.27712854991003,-3.0975169226279213
826.9999999999982,-13.4997135504994,3.27616965227721,-3.1012669305325513
827.9999999999982,-13.5002952792421,3.2752107546444,-3.1050169699860115
828.9999999999982,-13.5000044148708,3.27425185701158,-3.1087669693269113
829.9999999999982,-13.4998880691222,3.27348473890533,-3.1125169741324115
830.9999999999982,-13.5001207606193,3.27252584127252,-3.1162669897000113
831.9999999999982,-13.5002371063679,3.2715669436397,-3.1200169922760015
832.9999999999982,-13.5000044148708,3.27060804600688,-3.1237669910733614
833.9999999999982,-13.5003534521164,3.26964914837407,-3.1275170248256914
834.9999999999982,-13.5001789334936,3.26869025074125,-3.1312670576020714
835.9999999999982,-13.4995972047508,3.26773135310844,-3.1350170786367615
836.9999999999982,-13.5001207606193,3.26677245547562,-3.1387671043254612
837.9999999999982,-13.5001789334936,3.26581355784281,-3.1425171180409412
838.9999999999982,-13.4999462419965,3.26485466020999,-3.146267126428971
839.9999999999982,-13.4998298962479,3.26389576257718,-3.1500171713561014
840.9999999999982,-13.5000044148708,3.26293686494436,-3.1537671453903213
841.9999999999982,-13.4999462419965,3.26197796731155,-3.157517172438021
842.9999999999982,-13.4996553776251,3.26101906967873,-3.161267208075141
843.9999999999982,-13.4997717233736,3.26006017204592,-3.165017209750751
844.9999999999982,-13.5002371063679,3.2591012744131,-3.168767236340181
845.9999999999982,-13.4997135504994,3.25814237678028,-3.172517242922601
846.9999999999982,-13.5000044148708,3.25718347914747,-3.1762672526411815
847.9999999999982,-13.5001207606193,3.25622458151465,-3.1800172841795713
848.9999999999982,-13.5001789334936,3.25526568388184,-3.1837672783138715
849.9999999999982,-13.5001207606193,3.25411500672246,-3.1875173123153813
850.9999999999982,-13.500062587745,3.25315610908964,-3.191267344059231
851.9999999999982,-13.500062587745,3.25219721145683,-3.1950173512467814
852.9999999999982,-13.5001789334936,3.25123831382401,-3.1987673714787914
853.9999999999982,-13.4999462419965,3.2502794161912,-3.2025173694294313
854.9999999999982,-13.5001207606193,3.24932051855838,-3.2062673856807913
855.9999999999982,-13.5002952792421,3.24836162092557,-3.210017414230461
856.9999999999982,-13.4998880691222,3.24721094376619,-3.213767432055781
857.9999999999982,-13.5001789334936,3.24625204613337,-3.2175174637935515
858.9999999999982,-13.5000044148708,3.24510136897399,-3.221267476147341
859.9999999999982,-13.4998880691222,3.24414247134118,-3.2250175202234312
860.9999999999982,-13.5000044148708,3.24318357370836,-3.2287675503488713
861.9999999999982,-13.5001789334936,3.24222467607555,-3.232517572105741
862.9999999999982,-13.5001207606193,3.24107399891617,-3.236267584258531
863.9999999999982,-13.5001789334936,3.24011510128335,-3.2400176056126813
864.9999999999982,-13.5000044148708,3.23915620365054,-3.2437676169098313
865.9999999999982,-13.5001207606193,3.23819730601772,-3.2475176194427413
866.9999999999982,-13.5001207606193,3.23704662885834,-3.2512676405024914
867.9999999999982,-13.4999462419965,3.23608773122553,-3.2550176729389215
868.9999999999982,-13.4999462419965,3.23512883359271,-3.258767679269181
869.9999999999982,-13.4997135504994,3.23397815643334,-3.2625176908951214
870.9999999999982,-13.5001789334936,3.23301925880052,-3.266267717490721
871.9999999999982,-13.5001207606193,3.23186858164114,-3.270017722999201
872.9999999999982,-13.4999462419965,3.23090968400833,-3.2737677106649112
873.9999999999982,-13.4999462419965,3.22975900684895,-3.2775176997370212
874.9999999999982,-13.5001789334936,3.22880010921613,-3.2812677354780613
875.9999999999982,-13.5001207606193,3.22764943205675,-3.2850177469638813
876.9999999999982,-13.4998298962479,3.22669053442394,-3.2887677668072413
877.9999999999982,-13.5001207606193,3.22553985726456,-3.292517782275451
878.9999999999982,-13.5000044148708,3.22458095963174,-3.2962678061841313
879.9999999999982,-13.5000044148708,3.22343028247237,-3.300017816866651
880.9999999999982,-13.5002371063679,3.22247138483955,-3.3037678137074513
881.9999999999982,-13.500062587745,3.22132070768017,-3.3075178388203814
882.9999999999982,-13.5001207606193,3.22017003052079,-3.3112678594347313
883.9999999999982,-13.4999462419965,3.21901935336141,-3.3150178623197815
884.9999999999982,-13.5000044148708,3.2180604557286,-3.3187678618797514
885.9999999999982,-13.500062587745,3.21690977856922,-3.3225178714272015
886.9999999999982,-13.5000044148708,3.21595088093641,-3.3262679028289113
887.9999999999982,-13.5001207606193,3.21480020377703,-3.3300179079337013
888.9999999999982,-13.5001207606193,3.21384130614421,-3.3337679173043515
889.9999999999982,-13.5000044148708,3.21249884945827,-3.3375179169992113
890.9999999999982,-13.4999462419965,3.21153995182545,-3.3412679072967215
891.9999999999982,-13.500062587745,3.21038927466608,-3.3450179544612415
892.9999999999982,-13.4998298962479,3.2092385975067,-3.3487683478433214
893.9999999999982,-13.4999462419965,3.20808792034732,-3.352517972926371
894.9999999999982,-13.4998298962479,3.2071290227145,-3.356267988009271
895.9999999999982,-13.5002952792421,3.20597834555512,-3.3600180122946415
896.9999999999982,-13.5000044148708,3.20482766839575,-3.3637680352997315
897.9999999999982,-13.5001207606193,3.20367699123637,-3.3675180421645514
898.9999999999982,-13.500062587745,3.20252631407699,-3.3712680723048813
899.9999999999982,-13.4998880691222,3.20137563691761,-3.3750180813899813
900.9999999999982,-13.5000044148708,3.20022495975823,-3.3787681135593015
901.9999999999982,-13.5000044148708,3.19907428259885,-3.3825180840898814
902.9999999999982,-13.5001789334936,3.19792360543947,-3.386268098635261
903.9999999999982,-13.4998298962479,3.1967729282801,-3.3900181097506414
904.9999999999982,-13.4999462419965,3.19562225112072,-3.3937681212330313
905.9999999999982,-13.4998880691222,3.19447157396134,-3.397518170409921
906.9999999999982,-13.5001789334936,3.19332089680196,-3.4012681729808314
907.9999999999982,-13.5002952792421,3.19217021964258,-3.4050182686632913
908.9999999999982,-13.4998298962479,3.1910195424832,-3.408768187539401
909.9999999999982,-13.5001789334936,3.18986886532383,-3.4125182162967014
910.9999999999982,-13.4999462419965,3.18852640863788,-3.416268237477411
911.9999999999982,-13.5001789334936,3.1873757314785,-3.4200182828916215
912.9999999999982,-13.5001207606193,3.18622505431913,-3.4237683114130313
913.9999999999982,-13.5001789334936,3.18507437715975,-3.4275183370475912
914.9999999999982,-13.5001789334936,3.18373192047381,-3.4312683497266114
915.9999999999982,-13.5002371063679,3.18258124331443,-3.4350183719426113
916.9999999999982,-13.5001207606193,3.18143056615505,-3.438768382698181
917.9999999999982,-13.5002952792421,3.18008810946911,-3.4425184026553115
918.9999999999982,-13.5001207606193,3.17893743230973,-3.4462684169315114
919.9999999999982,-13.5001207606193,3.17759497562379,-3.4500184525805615
920.9999999999982,-13.5002371063679,3.17644429846441,-3.4537684999992515
921.9999999999982,-13.500469797865,3.17529362130503,-3.457518536812591
922.9999999999982,-13.4998298962479,3.17395116461909,-3.4612685492433615
923.9999999999982,-13.5001207606193,3.17280048745971,-3.4650185772027213
924.9999999999982,-13.4999462419965,3.17145803077377,-3.468768575863191
925.9999999999982,-13.500062587745,3.17011557408783,-3.4725186043950713
926.9999999999982,-13.5001207606193,3.16896489692845,-3.476268652393151
927.9999999999982,-13.5001207606193,3.16762244024251,-3.480018692720811
928.9999999999982,-13.5000044148708,3.16627998355657,-3.4837686745695313
929.9999999999982,-13.4998298962479,3.16512930639719,-3.4875186802184315
930.9999999999982,-13.5000044148708,3.16378684971125,-3.4912686914141413
931.9999999999982,-13.5000044148708,3.1624443930253,-3.495018709636421
932.9999999999982,-13.5001789334936,3.16110193633936,-3.4987687645493812
933.9999999999982,-13.5001789334936,3.15995125917998,-3.502518760353351
934.9999999999982,-13.5001207606193,3.15860880249404,-3.506268807023891
935.9999999999982,-13.4998298962479,3.1572663458081,-3.5100188175078313
936.9999999999982,-13.5000044148708,3.15592388912216,-3.5137688543744914
937.9999999999982,-13.500062587745,3.15458143243622,-3.5175188581869414
939.0009999999984,-13.5001207606193,3.15304719622371,-3.5212703998825314
939.9999999999982,-13.4999462419965,3.15170473953777,-3.5250188995837113
940.9999999999982,-13.4994808590023,3.15055406237839,-3.528768908243911
941.9999999999982,-13.5002952792421,3.14901982616589,-3.5325189081840414
942.9999999999982,-13.5000044148708,3.14767736947995,-3.5362697355812913
943.9999999999982,-13.5001789334936,3.146334912794,-3.540019271890871
944.9999999999982,-13.5000044148708,3.14499245610806,-3.5437689959104013
945.9999999999982,-13.5000044148708,3.14345821989556,-3.547518995822981
946.9999999999982,-13.4999462419965,3.14211576320962,-3.551269619090771
947.9999999999982,-13.5002371063679,3.14077330652367,-3.5550190427941715
948.9999999999982,-13.500062587745,3.13923907031117,-3.558769058737591
949.9999999999982,-13.500062587745,3.13789661362523,-3.5625190701700715
950.9999999999982,-13.5001789334936,3.13636237741272,-3.5662695026648215
951.9999999999982,-13.5001789334936,3.13501992072678,-3.5700190893880515
952.9999999999982,-13.5001207606193,3.13348568451428,-3.5737691455334315
953.9999999999982,-13.5000044148708,3.13214322782834,-3.577519165501901
954.9999999999982,-13.5002952792421,3.13060899161583,-3.5812692049310813
955.9999999999982,-13.5001207606193,3.12907475540333,-3.585019278421161
956.9999999999982,-13.5001207606193,3.12754051919082,-3.5887693204242512
957.9999999999982,-13.5001789334936,3.12619806250488,-3.592519801287671
958.9999999999982,-13.5003534521164,3.12466382629238,-3.5962694230830112
959.9999999999982,-13.5002952792421,3.12332136960643,-3.6000196740957113
960.9999999999982,-13.5000044148708,3.12159535386737,-3.6037694385162715
962.0009999999984,-13.500062587745,3.12025289718142,-3.607520474128571
962.9999999999982,-13.4999462419965,3.11852688144236,-3.6112694398129612
963.9999999999982,-13.5002952792421,3.11699264522985,-3.6150194798773314
964.9999999999982,-13.4998298962479,3.11565018854391,-3.6187698649972413
965.9999999999982,-13.4999462419965,3.11411595233141,-3.622519561154421
966.9999999999982,-13.5002371063679,3.11238993659234,-3.6262695542124415
967.9999999999982,-13.4998298962479,3.11085570037983,-3.630019585490681
968.9999999999982,-13.5005279707392,3.10932146416733,-3.6337696312277914
969.9999999999982,-13.5001207606193,3.10778722795482,-3.6375196638463914
971.0009999999984,-13.5001789334936,3.10606121221576,-3.641271159582131
971.9999999999982,-13.5001207606193,3.10452697600325,-3.6450197133743614
972.9999999999982,-13.5001207606193,3.10280096026418,-3.648770403540221
973.9999999999982,-13.4998880691222,3.10126672405168,-3.6525197688608615
974.9999999999982,-13.5001207606193,3.09973248783917,-3.656270070628031
975.9999999999982,-13.5000044148708,3.09800647210011,-3.6600197951834113
976.9999999999982,-13.4998298962479,3.09628045636104,-3.6637703352407813
977.9999999999982,-13.4998880691222,3.09474622014853,-3.6675198310244315
978.9999999999982,-13.5000044148708,3.09302020440947,-3.6712698437164812
979.9999999999982,-13.5001207606193,3.0912941886704,-3.6750198672320815
980.9999999999982,-13.5001789334936,3.08956817293133,-3.6787701710971614
981.9999999999982,-13.500062587745,3.08803393671883,-3.6825202174636513
983.0009999999984,-13.5002952792421,3.08630792097976,-3.6862709912084712
983.9999999999982,-13.5001789334936,3.08458190524069,-3.690019960060121
984.9999999999982,-13.4999462419965,3.08285588950162,-3.693769987370241
986.0009999999984,-13.500062587745,3.08112987376255,-3.6975214653740114
986.9999999999982,-13.5001789334936,3.07940385802349,-3.7012700936380014
987.9999999999982,-13.5001207606193,3.07767784228442,-3.7050200678150915
988.9999999999982,-13.5000044148708,3.07595182654535,-3.7087700812560214
989.9999999999982,-13.5001789334936,3.07403403127972,-3.7125201393628715
990.9999999999982,-13.5002371063679,3.07230801554065,-3.7162701738946513
991.9999999999982,-13.5000044148708,3.07058199980158,-3.7200201994006314
992.9999999999982,-13.500062587745,3.06866420453595,-3.7237702003683912
993.9999999999982,-13.4998298962479,3.06693818879689,-3.7275208672951012
994.9999999999982,-13.5001789334936,3.06521217305782,-3.7312707201146313
995.9999999999982,-13.5001789334936,3.06329437779219,-3.735020376967931
996.9999999999982,-13.4995390318765,3.06156836205312,-3.738770786149581
997.9999999999982,-13.500062587745,3.05965056678749,-3.7425206731473715
998.9999999999982,-13.4998298962479,3.05773277152186,-3.7462705649918715
999.9999999999982,-13.4999462419965,3.05581497625623,-3.7500202529945015
1000.9999999999982,-13.4992481675051,3.05408896051716,-3.7537701698594512
1002.0009999999984,-13.500062587745,3.05217116525153,-3.757521353972271
1002.9999999999982,-13.5002371063679,3.0502533699859,-3.7612708492048013
1003.9999999999982,-13.5002952792421,3.04833557472027,-3.7650202606501315
1004.9999999999982,-13.4994808590023,3.04641777945464,-3.7687702613602814
1005.9999999999982,-13.4999462419965,3.04449998418901,-3.7725205437091414
1006.9999999999982,-13.5006443164878,3.04258218892337,-3.7762702559854113
1007.9999999999982,-13.5005279707392,3.04066439365774,-3.7800202916544614
1008.9999999999982,-13.5005861436135,3.03874659839211,-3.7837705706264715
1009.9999999999982,-13.4997717233736,3.03682880312648,-3.7875208449562012
1010.9999999999982,-13.4995390318765,3.03471922833429,-3.7912702899049813
1011.9999999999982,-13.5005279707392,3.03280143306866,-3.795020344111501
1012.9999999999982,-13.5007606622364,3.03069185827646,-3.7987704921496714
1013.9999999999982,-13.4992481675051,3.02877406301083,-3.8025204278801312
1014.9999999999982,-13.5001207606193,3.02666448821864,-3.8062704247867614
1015.9999999999982,-13.4995972047508,3.02474669295301,-3.8100203846860015
1016.9999999999982,-13.5004116249907,3.02244533863425,-3.813770399508371
1017.9999999999982,-13.5001207606193,3.02052754336862,-3.8175204027387415
1018.9999999999982,-13.4996553776251,3.01841796857643,-3.821270433714141
1019.9999999999982,-13.4999462419965,3.01611661425767,-3.8250210149358015
1020.9999999999982,-13.4999462419965,3.01419881899204,-3.8287704825208615
1021.9999999999982,-13.5000044148708,3.01208924419984,-3.8325206419214615
1022.9999999999982,-13.5001207606193,3.00978788988109,-3.8362706431962814
1023.9999999999982,-13.4998298962479,3.00767831508889,-3.840020571311041
1024.9999999999982,-13.5000044148708,3.0055687402967,-3.8437705453027213
1025.9999999999982,-13.500062587745,3.00326738597794,-3.8475205163217514
1026.9999999999982,-13.5004116249907,3.00115781118575,-3.8512705341244615
1027.9999999999982,-13.5001207606193,2.99885645686699,-3.855020830618501
1028.9999999999982,-13.5002371063679,2.99655510254823,-3.8587705819345914
1029.9999999999982,-13.5001207606193,2.99425374822948,-3.862520614309091
1030.9999999999982,-13.500062587745,2.99195239391072,-3.8662710668751314
1032.0009999999984,-13.5001207606193,2.98965103959196,-3.8700216110190713
1032.9999999999982,-13.5000044148708,2.98734968527321,-3.8737706607659614
1033.9999999999982,-13.5000044148708,2.98504833095445,-3.8775206659877512
1034.9999999999982,-13.500062587745,2.98255519710913,-3.8812706726627813
1035.9999999999982,-13.500062587745,2.98025384279037,-3.8850206820066515
1036.9999999999982,-13.4998298962479,2.97776070894505,-3.8887713857481514
1037.9999999999982,-13.5001789334936,2.97526757509973,-3.8925206769739815
1038.9999999999982,-13.500062587745,2.97277444125441,-3.8962709200933214
1039.9999999999982,-13.5000044148708,2.97028130740909,-3.9000210928798014
1040.9999999999982,-13.5001207606193,2.96778817356377,-3.9037710919747215
1041.9999999999982,-13.5001789334936,2.96529503971845,-3.9075207376734213
1042.9999999999982,-13.4997717233736,2.96261012634657,-3.9112710050345014
1043.9999999999982,-13.4999462419965,2.96011699250125,-3.9150208405526215
1044.9999999999982,-13.4993063403794,2.95743207912936,-3.918770734992471
1045.9999999999982,-13.5001207606193,2.95474716575748,-3.9225214525724215
1046.9999999999982,-13.4991318217566,2.9520622523856,-3.9262713854101814
1047.9999999999982,-13.4995972047508,2.94918555948715,-3.9300207498822513
1048.9999999999982,-13.4990736488823,2.94650064611527,-3.933770985455291
1049.9999999999982,-13.5009933537335,2.94362395321682,-3.9375206725934513
1050.9999999999982,-13.5007606622364,2.94074726031838,-3.941270754539431
1051.9999999999982,-13.4997135504994,2.93787056741993,-3.9450208648416614
1053.0009999999984,-13.5002952792421,2.93480209499492,-3.9487722016427913
1053.9999999999982,-13.4997135504994,2.93192540209647,-3.9525209701604114
1054.9999999999982,-13.5000044148708,2.92904870919803,-3.9562709644264413
1055.9999999999982,-13.4997717233736,2.92578845724645,-3.960020958226971
1056.9999999999982,-13.5002952792421,2.92271998482145,-3.9637711274786214
1057.9999999999982,-13.5000044148708,2.91945973286987,-3.967521501065811
1058.9999999999982,-13.5001207606193,2.91639126044486,-3.9712714991868214
1059.9999999999982,-13.4999462419965,2.91293922896673,-3.9750210809738014
1060.9999999999982,-13.4997717233736,2.90967897701515,-3.9787710888987613
1061.9999999999982,-13.5000044148708,2.90622694553702,-3.9825211207292512
1062.9999999999982,-13.5002952792421,2.90277491405888,-3.9862712286094415
1063.9999999999982,-13.4997135504994,2.89913110305419,-3.9900211187665113
1064.9999999999982,-13.5004116249907,2.89567907157605,-3.9937711199024912
1065.9999999999982,-13.4993645132537,2.89203526057135,-3.9975211319590613
1066.9999999999982,-13.5002371063679,2.88819967004009,-4.001271220806042
1067.9999999999982,-13.5001789334936,2.88436407950883,-4.005021795258692
1068.9999999999982,-13.5000044148708,2.88052848897757,-4.008771097111151
1069.9999999999982,-13.4998880691222,2.87630933939318,-4.012521203847982
1070.9999999999982,-13.5000044148708,2.87228196933535,-4.016271061570461
1071.9999999999982,-13.5004116249907,2.86806281975097,-4.020021447327811
1072.9999999999982,-13.5000044148708,2.86384367016658,-4.023771107218211
1074.0009999999984,-13.5002952792421,2.85943274105563,-4.027522662160352
1074.9999999999982,-13.500062587745,2.85483003241811,-4.031271557221562
1075.9999999999982,-13.5002371063679,2.8502273237806,-4.035021245364102
1076.9999999999982,-13.500062587745,2.84543283561652,-4.038771282324202
1077.9999999999982,-13.5002952792421,2.84063834745244,-4.042521707651821
1078.9999999999982,-13.4995390318765,2.8356520797618,-4.046271308274791
1079.9999999999982,-13.4999462419965,2.83028225301804,-4.050021868716372
1080.9999999999982,-13.5001207606193,2.82491242627427,-4.053771322972202
1081.9999999999982,-13.5000044148708,2.8195425995305,-4.057521614153692
1082.9999999999982,-13.5002371063679,2.81378921373361,-4.061271351097952
1083.9999999999982,-13.5001207606193,2.80784404841016,-4.065022111253782
1084.9999999999982,-13.5001789334936,2.80170710356014,-4.068771359366262
1085.9999999999982,-13.5002371063679,2.79537837918356,-4.0725216381889116
1087.0009999999984,-13.4999462419965,2.78885787528041,-4.0762733497504815
1087.9999999999982,-13.4998298962479,2.78195381232414,-4.080021427897852
1088.9999999999982,-13.5004116249907,2.7748579698413,-4.083771857080151
1089.9999999999982,-13.5001789334936,2.76757034783191,-4.087521594877312
1091.0009999999984,-13.4998880691222,2.75970738724282,-4.091272513115571
1091.9999999999982,-13.4999462419965,2.75146086760061,-4.095021814995151
1092.9999999999982,-13.4999462419965,2.74302256843183,-4.098771604048972
1093.9999999999982,-13.500062587745,2.73400893068337,-4.102521625917702
1094.9999999999982,-13.500062587745,2.72461173388178,-4.1062716405008715
1096.0009999999984,-13.5005861436135,2.7146391985005,-4.110022628921492
1096.9999999999982,-13.5005279707392,2.70409132453953,-4.113771797307832
1097.9999999999982,-13.5000044148708,2.69315989152543,-4.117521810609071
1098.9999999999982,-13.4999462419965,2.68126956087852,-4.121271732685612
1099.9999999999982,-13.5000044148708,2.66899567117848,-4.125022360315522
1100.9999999999982,-13.5000044148708,2.65576288384563,-4.128771787192812
1101.9999999999982,-13.4997135504994,2.64195475793309,-4.132521746612752
1102.9999999999982,-13.4994808590023,2.62737951391429,-4.136272581586952
1103.9999999999982,-13.4993645132537,2.61184537226268,-4.140021688882841
1105.0009999999984,-13.5000044148708,2.59554411250482,-4.143773126533982
1105.9999999999982,-13.4999462419965,2.57828395511414,-4.147521873748421
1106.9999999999982,-13.5001789334936,2.56025667961721,-4.151271628787752
1107.9999999999982,-13.4993063403794,2.54146228601403,-4.155022243853262
1108.9999999999982,-13.4999462419965,2.52151721525147,-4.158772012007732
1109.9999999999982,-13.5000044148708,2.50061324685609,-4.162521940493821
1110.0350000000017,-13.5000044148708,2.49984612874984,-4.1626532914635215
1110.0510000000013,-13.5001207606193,2.49946256969671,-4.1627133130079415
